,,Time,Worst Perimeter,Worst Area,Texture SE,SE Smoothness,Outcome,
1`(,1,19,178.6,1926.0,1.1990,0.006356,M,)++
1`(,2,123,123.8,1150.0,1.1870,0.004029,B,)++
1`(,3,55,159.8,1724.0,1.0010,0.007392,B,)++
1`(,4,62,184.2,2403.0,0.8561,0.004910,B,)++
1`(,5,34,143.2,1362.0,2.1290,0.006455,B,)++
1`(,6,5,177.0,1986.0,1.5600,0.009327,B,)++
1`(,7,34,168.2,2022.0,1.3610,0.005467,B,)++
1`(,8,68,128.9,1085.0,1.2590,0.006518,B,)++
1`(,9,7,91.8,508.1,1.0270,0.007405,B,)++
1`(,10,65,129.3,1269.0,1.1500,0.004626,B,)++
1`(,11,10,194.5,2690.0,1.7170,0.003676,B,)++
1`(,12,4,229.3,3234.0,0.8509,0.006369,M,)++
1`(,13,123,98.9,567.7,1.1560,0.009110,B,)++
1`(,14,3,161.0,1565.0,2.4030,0.006133,B,)++
1`(,15,36,127.3,1084.0,0.5679,0.002667,B,)++
1`(,16,39,162.3,1844.0,1.0330,0.005043,M,)++
1`(,17,125,136.5,1299.0,0.9849,0.005771,B,)++
1`(,18,68,126.8,905.4,1.4160,0.007494,B,)++
1`(,19,91,139.2,1410.0,0.4757,0.002866,B,)++
1`(,20,62,115.9,988.6,0.9988,0.002826,B,)++
1`(,21,19,111.8,888.3,1.1780,0.007781,M,)++
1`(,22,7,232.2,3903.0,0.8535,0.005137,M,)++
1`(,23,94,134.9,1227.0,0.8225,0.005627,B,)++
1`(,24,56,119.8,928.8,1.0590,0.010150,B,)++
1`(,25,77,105.3,706.0,1.0690,0.006983,B,)++
1`(,26,76,105.5,740.7,0.6123,0.003350,B,)++
1`(,27,12,137.9,1295.0,1.6330,0.006717,M,)++
1`(,28,35,165.5,1725.0,0.9409,0.005199,B,)++
1`(,29,11,170.1,2145.0,1.1930,0.006458,M,)++
1`(,30,10,161.1,1873.0,1.5300,0.007548,B,)++
1`(,31,5,130.7,1260.0,1.3910,0.006123,B,)++
1`(,32,105,109.5,826.4,1.8510,0.008005,B,)++
1`(,33,34,106.0,788.0,1.5280,0.009680,B,)++
1`(,34,10,159.9,1816.0,1.4580,0.006852,M,)++
1`(,35,14,153.9,1740.0,1.4080,0.005288,M,)++
1`(,36,36,124.1,943.2,1.0330,0.005607,M,)++
1`(,37,74,101.7,768.9,1.8090,0.009098,M,)++
1`(,38,43,91.9,591.7,1.4260,0.005427,B,)++
1`(,39,66,171.1,1938.0,1.0230,0.005485,B,)++
1`(,40,7,171.6,2196.0,1.1400,0.004934,M,)++
